<?xml version="1.0"?>
<doc>
    <assembly>
        <name>DevReviews.API</name>
    </assembly>
    <members>
        <member name="M:DevReviews.API.Controllers.ProductsController.Post(DevReviews.API.Models.AddProductInputModel)">
            <summary>Cadastro de Produto</summary>
            <remarks>Requisição:
            {
                "title": "Chinelo",
                "description": "Havaianas tam. 41",
                "price": 45
            }
            </remarks>
            <param name="model">Objeto com dados do Cadastro de Produto</param>
            <returns>Objeto recém-criado</returns>
            <response code="201">Sucesso</response>
            <response code="400">Dados inválidos</response>
        </member>
    </members>
</doc>
