<?xml version="1.0"?>
<doc>
    <assembly>
        <name>DevReviews.API</name>
    </assembly>
    <members>
        <member name="M:DevReviews.API.Controllers.ProductReviewsController.GetById(System.Int32,System.Int32)">
            <summary>
            Detalhes do Review
            </summary>
            <param name="productId">ID do Produto</param>
            <param name="id">ID do Review</param>
            <returns>Mostra um Review</returns>
            <response code="200">Sucesso</response>
            <response code="404">Não encontrado</response>
        </member>
        <member name="M:DevReviews.API.Controllers.ProductReviewsController.Post(System.Int32,DevReviews.API.Models.AddProductReviewInputModel)">
            <summary>
            Cadastro de Review
            </summary>
            <remarks>
            Requisição:
            {
                "rating": 5,
                "author": "Joana",
                "comments": "Confortável"
            }
            </remarks>
            <param name="productId">ID do Produto</param>
            <param name="model">Dados do Review</param>
            <returns>Objeto criado</returns>
            <response code="201">Sucesso</response>
            <response code="400">Dados inválidos</response>
        </member>
        <member name="M:DevReviews.API.Controllers.ProductsController.GetAll">
            <summary>
            Listagem de Produtos
            </summary>
            <returns>Lista de Produtos</returns>
            <response code="200">Sucesso</response>
        </member>
        <member name="M:DevReviews.API.Controllers.ProductsController.GetById(System.Int32)">
            <summary>
            Detalhes do Produto
            </summary>
            <param name="id">ID do Produto</param>
            <returns>Mostra um Produto</returns>
            <response code="200">Sucesso</response>
            <response code="404">Não encontrado</response>
        </member>
        <member name="M:DevReviews.API.Controllers.ProductsController.Post(DevReviews.API.Models.AddProductInputModel)">
            <summary>
            Cadastro de Produto
            </summary>
            <remarks>
            Requisição:
            {
                "title": "Chinelo",
                "description": "Havaianas tam. 41",
                "price": 45
            }
            </remarks>
            <param name="model">Dados do Produto</param>
            <returns>Objeto criado</returns>
            <response code="201">Sucesso</response>
            <response code="400">Dados inválidos</response>
        </member>
        <member name="M:DevReviews.API.Controllers.ProductsController.Put(System.Int32,DevReviews.API.Models.UpdateProductInputModel)">
            <summary>
            Atualiza um Produto
            </summary>
            <remarks>
            Requisição:
            {
                "description": "Havaianas tam. 42",
                "price": 46
            }
            </remarks>
            <param name="id">ID do Produto</param>
            <param name="model">Dados do Produto</param>
            <response code="204">Sucesso</response>
            <response code="400">Dados inválidos</response>
            <response code="404">Não encontrado</response>
        </member>
    </members>
</doc>
